a√±o,conglome,vivienda,hogar,ubigeop,codperso,mhogar,sexo,edad,estciv,reljh,ocu500,ocupinf,emplpsec,htop,htos,gnestudios,fac500a,ubidpto,htsemps,hocios,salanual,salsem,dominio,estrato,pobreza,estrsocial,zona,inghogpc,gashogpc,inghogpcs,gashogpcs,ln_salsem,ln_inghogpcs,ln_gashogpcs
2021,8473,61,11,180101,2,1,1,30,1,2,1,2,NA,60,5,9,45.72459030151367,18,65,103,40676,780.0870300654548,3,3,3,5,Urbana,18864.74609375,11539.7412109375,361.78935375190105,221.30992351667246,6.659405490466379,5.891062146745774,5.399564087970625
2021,8473,90,11,180101,1,1,2,44,1,1,1,1,1,11,16,3,43.9603157043457,18,27,141,25024,479.9119343189581,3,3,3,5,Urbana,17197.924479166668,5136.844401041667,329.8229381021514,98.51474315854445,6.173602616900389,5.798555959259817,4.59020621371409
2021,8473,90,11,180101,2,1,1,42,1,2,1,1,1,36,14,8,47.94533920288086,18,50,118,21690,415.97226084471714,3,3,3,5,Urbana,17197.924479166668,5136.844401041667,329.8229381021514,98.51474315854445,6.030618577376272,5.798555959259817,4.59020621371409
2021,8484,86,11,180101,1,1,1,49,4,1,1,2,NA,48,2,10,38.39556884765625,18,50,118,84428.515625,1619.1756811569744,3,3,3,3,Urbana,100353.5234375,22130.0703125,1924.5865388672285,424.411958531267,7.389672459932048,7.562466438648245,6.050704583843479
2021,8485,4,11,180101,1,1,1,68,4,1,1,1,1,12,7,8,45.8283576965332,18,19,149,5275.331726074219,101.17066227759138,3,3,3,3,Urbana,29575.919921875,10794.365234375,567.2089569601039,207.01505352358615,4.616808816381916,6.340727766630793,5.332791512957393
2021,8486,1,11,180101,2,1,2,46,2,2,1,2,NA,45,10,8,36.666770935058594,18,55,113,49815.4921875,955.3648183645329,3,3,3,5,Urbana,18957.3984375,5494.081640625,363.56624655513986,105.36586267018137,6.862093276292635,5.895961526737745,4.657438700061029
2021,8486,32,11,180101,1,1,2,55,5,1,1,1,1,20,20,5,55.68201446533203,18,40,128,12990,249.1230829125346,3,3,3,5,Urbana,14521.496875,10640.20234375,278.49423171706985,204.05850736629532,5.517947083219997,5.62939734718541,5.318406753539898
2021,8486,49,11,180101,2,1,2,35,1,2,1,2,NA,48,1,8,52.65719985961914,18,49,119,28343.939453125,543.5819536912024,3,3,3,5,Urbana,22380.421875,8205.841796875,429.21321742749257,157.37217908622267,6.298180483954043,6.061953805779791,5.058613567414171
2021,8503,97,11,180101,1,1,2,43,5,1,1,1,2,39,12,8,2.037078380584717,18,51,117,14589,279.788811132484,3,3,3,2,Urbana,13913.404947916666,8921.71484375,266.8322043445352,171.10123993391238,5.634035072627247,5.58662001269613,5.142255427709484
2021,8509,18,11,180101,2,1,2,22,6,3,1,1,2,0,14,10,125.5124740600586,18,14,154,36852.8125,706.765686219984,3,3,3,4,Urbana,15036.6318359375,5645.9013671875,288.3735242178226,108.27747147142756,6.560699191191188,5.664256598900667,4.684697112713447
2021,8511,41,11,180101,1,1,1,32,5,1,1,2,NA,36,39,9,126.71489715576172,18,75,93,27756,532.3064118029492,3,3,3,4,Urbana,33896.0546875,14216.9716796875,650.0607884774341,272.65402729206664,6.277219285574791,6.4770658792514055,5.608203692185654
2021,8511,58,11,180101,1,1,2,43,1,1,1,1,1,24,18,4,121.82563018798828,18,42,126,77257,1481.6398781042099,3,3,3,4,Urbana,28795.28125,6642.59765625,552.2378166538493,127.39217911259252,7.300904779096794,6.31397878076914,4.847270352812527
2021,8511,58,11,180101,2,1,1,44,1,2,1,1,1,6,16,6,132.86917114257813,18,22,146,6055.4423828125,116.13167627447841,3,3,3,4,Urbana,28795.28125,6642.59765625,552.2378166538493,127.39217911259252,4.75472468761899,6.31397878076914,4.847270352812527
2021,8511,135,11,180101,1,1,2,49,5,1,1,1,2,36,16,8,96.68867492675781,18,52,116,31858.8671875,610.9914712741332,3,3,3,4,Urbana,21800.83984375,10469.1923828125,418.09795473113314,200.77886697541757,6.415083000439366,6.035715746533126,5.302204138132693
2021,8514,59,11,180101,2,1,2,53,2,2,1,1,1,54,5,4,115.7328872680664,18,59,109,6289,120.61085977189609,3,3,3,4,Urbana,10289.245442708334,4071.41015625,197.327832604407,78.0817744362128,4.792569328098855,5.284866470511867,4.357756667720236
2021,8516,8,11,180104,2,1,2,51,2,2,1,1,1,54,24,3,42.836605072021484,18,78,90,13080.546020507813,250.8595805087138,3,3,2,5,Urbana,9481.326171875,2572.62744140625,181.833503159107,49.338019968322634,5.524893342382398,5.203091450568505,3.898694979941743
2021,8517,11,11,180104,1,1,1,57,3,1,1,2,NA,46,15,8,130.09060668945313,18,61,107,40106.8154296875,769.1711705656476,3,3,3,4,Urbana,18758.063802083332,10196.082682291666,359.7433936755212,195.5411509964284,6.645313533248392,5.885390981944996,5.2757708483056165
2021,8540,28,11,180301,1,1,1,59,5,1,1,1,1,36,24,6,36.39197540283203,18,60,108,12418.95751953125,238.17159228833168,3,3,3,3,Urbana,8311.4091796875,5447.6142578125,159.39675736653504,104.4747081158221,5.472991389894526,5.07139642340475,4.648945014511671
2021,8541,54,11,180301,1,1,1,64,2,1,1,2,NA,48,4,6,3.8411006927490234,18,52,116,93121.4921875,1785.890163138222,3,3,3,2,Urbana,45738.625,17794.49375,877.1783886205026,341.2639832076851,7.487672260742528,6.77671037946471,5.8326563220924355
2021,8541,54,11,180301,3,1,1,41,6,3,1,2,NA,0,2,8,3.045804023742676,18,2,166,25808.943359375,494.9656302080437,3,3,3,2,Urbana,45738.625,17794.49375,877.1783886205026,341.2639832076851,6.2044883262349,6.77671037946471,5.8326563220924355
2021,8541,96,11,180301,2,1,1,28,6,3,1,2,NA,20,21,8,2.4645371437072754,18,41,127,78200,1499.724794746744,3,3,3,2,Urbana,58267.07421875,13636.796875,1117.449819989874,261.5273963473455,7.313036900088754,7.018804421667324,5.566539044164025
2021,8542,96,11,180301,2,1,2,87,2,2,1,1,1,1,7,3,28.75621223449707,18,8,160,993.7272644042969,19.057767489040636,3,3,3,3,Urbana,6984.212239583333,3765.0192057291665,133.94368628486973,72.20578843388394,2.9474747606753033,4.897419460015008,4.27952021489962
2021,8545,8,11,180301,1,1,2,56,5,1,1,2,NA,57,7,10,3.9720282554626465,18,64,104,18127,347.64081015823825,3,3,3,2,Urbana,49505,17086.2421875,949.4101785669766,327.6810876936266,5.85116979201827,6.8558409271119665,5.792040841783102
2021,8550,27,11,180301,3,1,2,20,6,3,1,1,1,35,1,9,46.50990676879883,18,36,132,25265,484.5338483283439,3,3,3,5,Urbana,12506.931640625,5215.59912109375,239.85876582669934,100.02510641129953,6.18318729128136,5.480050274400107,4.6054212185897665
2021,8550,64,11,180301,1,1,1,43,5,1,1,2,NA,65,2,8,49.2965202331543,18,67,101,40732.9375,781.1789812227552,3,3,3,5,Urbana,62928.953125,23250.677734375,1206.8556433378274,445.903042108801,6.660804292883716,7.095773614390525,6.100101534011596
2021,8552,65,11,180301,4,1,1,37,5,3,1,1,1,47,5,8,157.4025421142578,18,52,116,6316,121.12866756547872,3,3,3,4,Urbana,14614.4345703125,5002.509765625,280.2765970115299,95.93846459680992,4.796853348930884,5.635776962039764,4.5637069921602595
2021,8555,84,11,180301,1,1,2,43,5,1,1,1,1,11,12,6,134.47694396972656,18,23,145,10425,199.93134252218425,3,3,3,4,Urbana,7407.01708984375,5028.1943359375,142.05226578966167,96.43104499246303,5.2979740202223535,4.956195058821784,4.568828193261906
2021,8555,99,11,180301,1,1,1,48,5,1,1,1,2,48,3,6,190.8549346923828,18,51,117,32742.220703125,627.9324836770683,3,3,3,4,Urbana,14679.0595703125,9948.697265625,281.51597955450313,190.79677704203257,6.442432650620215,5.640189211703989,5.2512088670582715
2021,8566,81,11,180301,1,1,2,60,5,1,1,1,1,72,25,6,103.8583755493164,18,97,71,24606,471.89550255164175,3,3,3,4,Urbana,19121,9077.8564453125,366.70380818865084,174.09573394100636,6.156757568175466,5.904554460048311,5.159605342975975
2021,8567,86,11,180301,1,1,2,53,5,1,1,1,1,21,12,7,2.607877492904663,18,33,135,22586,433.15580836508906,3,3,3,2,Urbana,13624.381510416666,13090.235677083334,261.28929366062624,251.04540938619323,6.071097497838967,5.565628198325583,5.525633836658056
2021,8567,111,11,180301,2,1,2,53,1,2,1,1,1,18,20,6,2.607877492904663,18,38,130,15566,298.52578203360383,3,3,3,2,Urbana,12265.854166666666,9368.90234375,235.23536601659413,179.6774315151248,5.698856301074685,5.460586570437492,5.191163196114614
2021,8568,30,11,180301,1,1,1,56,2,1,1,2,NA,31,18,8,3.4187002182006836,18,49,119,14373.48828125,275.65571307407146,3,3,3,2,Urbana,16632.04296875,11449.0263671875,318.9704249044453,219.57018821713984,5.619152670647404,5.76509838658854,5.391671945488784
2021,8568,30,11,180301,2,1,2,51,2,2,1,2,NA,32,30,10,2.5449633598327637,18,62,106,31828.240234375,610.4041055325845,3,3,3,2,Urbana,16632.04296875,11449.0263671875,318.9704249044453,219.57018821713984,6.414121205918441,5.76509838658854,5.391671945488784
2021,8568,47,11,180301,3,1,2,21,2,3,1,1,1,7,7,6,2.8043065071105957,18,14,154,2653,50.87941023610118,3,3,3,2,Urbana,16194.5984375,8456.4984375,310.58108462513593,162.17928879099554,3.9294583276930912,5.738445009391806,5.088702444200319
2021,8568,77,11,180301,3,1,2,27,2,4,1,2,NA,20,28,9,2.754395008087158,18,48,120,6277.1689453125,120.38396301917423,3,3,3,2,Urbana,13646.8896484375,5530.93603515625,261.72095622678256,106.07265869670177,4.79068632648798,5.5672788836200455,4.664124318694918
2021,8581,97,11,180205,1,1,1,53,1,1,1,1,2,84,21,5,109.00211334228516,18,105,63,28363.8125,543.9630803043176,6,7,3,6,Rural,12888.5283203125,3423.974365234375,247.17705229882688,65.66520782761172,6.298881377465216,5.510104890768154,4.184569223999932
2021,8593,67,11,180202,1,1,2,72,3,1,1,1,1,32,12,1,26.378887176513672,18,44,124,4328.157958984375,83.00570085254896,6,8,3,6,Rural,7561.50439453125,2224.454345703125,145.01503358139365,42.660733210142226,4.4189092904083624,4.976837416917868,3.7532789001937283
2021,8593,76,11,180202,1,1,1,46,2,1,1,1,2,48,6,4,106.10784912109375,18,54,114,14653.2705078125,281.02139520073683,6,8,2,6,Rural,4653.031684027777,1669.394748263889,89.23615073246363,32.01576337840606,5.638430805939683,4.491286234753085,3.46622838708462
2021,8595,10,11,180204,1,1,1,46,2,1,1,1,1,42,28,5,106.42430114746094,18,70,98,17059.8515625,327.1749665342741,6,6,3,6,Urbana,8054.390625,5129.433919270833,154.46763845125608,98.3726244468726,5.79049509365461,5.039984614535599,4.58876255851078
2021,8595,10,11,180204,2,1,2,44,2,2,1,1,1,28,42,3,53.21531295776367,18,70,98,4397,84.32595808825363,6,6,3,6,Urbana,8054.390625,5129.433919270833,154.46763845125608,98.3726244468726,4.434689742736161,5.039984614535599,4.58876255851078
2021,8595,37,11,180204,1,1,1,44,2,1,1,1,2,40,10,10,139.12718200683594,18,50,118,22874.318359375,438.6851970138792,6,6,3,6,Urbana,8801.106119791666,6328.408203125,168.78819781392417,121.36663290927433,6.083782064757822,5.128644661553512,4.798815988369386
2021,8606,24,11,180102,1,1,1,55,1,1,1,1,1,66,15,5,34.87629318237305,18,81,87,8497.84619140625,162.97225876209896,6,8,3,6,Rural,17829.654296875,4079.0791015625,341.9382945113333,78.22884997885619,5.093579994678956,5.834630295378526,4.359638505075784
2021,8606,83,11,180102,1,1,2,42,5,1,1,1,1,37,24,6,52.23799133300781,18,61,107,3663,70.24925732937754,6,8,3,6,Rural,2501.1954752604165,2471.1160481770835,47.96809297642472,47.3912277256747,4.252049736334166,3.870536060219358,3.8584371424950428
2021,8606,85,11,180102,1,1,1,83,6,1,1,1,1,28,28,3,16.053373336791992,18,56,112,4939.720703125,94.73429178517114,6,8,3,6,Rural,7743.1875,1371.0184326171875,148.49936424709787,26.29348257609737,4.551076044310049,5.000580677069266,3.2693210976787737
2021,8606,89,11,180102,2,1,1,59,1,2,1,1,2,31,11,8,34.87629318237305,18,42,126,18715.626953125,358.9295369671614,6,8,3,6,Rural,21533.173828125,4032.486328125,412.9646381026947,77.3352906747611,5.883126093366163,6.023361967267884,4.348150393127393
2021,9826,56,11,180104,1,1,2,52,5,1,1,2,NA,54,12,8,17.382705688476563,18,66,102,17692.572021484375,339.30932152765524,3,3,3,3,Urbana,14952.5458984375,6939.826171875,286.76091852270395,133.09244732983782,5.826912144232311,5.658648832085637,4.891043979462254
2021,9826,75,11,180104,2,1,2,43,2,2,1,2,NA,40,12,11,18.61429214477539,18,52,116,32452.482421875,622.3758636722354,3,3,3,3,Urbana,21054.943359375,14901.349609375,403.7931024046419,285.77907269014577,6.433544192665317,6.000902624020713,5.655219039197383
2021,9901,25,11,180106,1,1,1,64,3,1,1,1,1,30,60,1,100.25685119628906,18,90,78,19000.296875,364.38895563921454,6,5,3,1,Urbana,12312.3310546875,3789.024169921875,236.12670286247027,72.66615723179714,5.89822185658186,5.464368537494855,4.285875763524806
2021,9901,57,11,180106,1,1,1,26,1,1,1,2,NA,16,8,9,64.32706451416016,18,24,144,41353.553466796875,793.0811954608754,6,5,3,1,Urbana,17406.0546875,9067.511067708334,333.8144730634468,173.8973296020807,6.675925606634025,5.810585368776239,5.158465065302602
2021,9945,33,11,180208,1,1,1,34,2,1,1,1,1,39,1,6,98.888397216796875,18,40,128,7976.4169921875,152.97225494146855,6,8,3,6,Rural,4006.8203125,2534.135546875,76.84306612213744,48.59981985802477,5.030256564696464,4.341765239786949,3.883619824274574
2021,9945,50,11,180208,1,1,1,63,2,1,1,1,1,35,35,4,21.56957244873047,18,70,98,7213.20947265625,138.33541043279624,6,8,1,6,Rural,3162.1979166666665,376.3170572916667,60.644841707436036,7.2170335231003016,4.929681246626703,4.105034581607153,1.9764439990980958
2021,9945,87,11,180208,1,1,1,33,1,1,1,2,NA,46,1,6,98.888397216796875,18,47,121,23336.2841796875,447.5448082037536,6,8,3,6,Rural,8177.24169921875,4852.7587890625,156.8236845134956,93.0665304204887,6.103776662766483,5.055122145702739,4.5333146182558055
2021,9985,17,11,180103,1,1,1,47,6,1,1,1,2,44,6,6,104.46977233886719,18,50,118,23191.24609375,444.76325815691115,6,6,3,6,Urbana,25303.525390625,5608.5673828125,485.27269082895276,107.56147783902507,6.097542136460054,6.184710982066523,4.67806257097739
2021,9985,48,11,180103,2,1,2,51,2,2,1,1,1,4,48,3,57.85743713378906,18,52,116,617,11.83286698668467,6,6,3,6,Urbana,9246.275390625,1216.1343994140625,177.32568366210933,23.323106298538487,2.470880997460739,5.177988062499352,3.1494445558078668
2021,9985,73,11,180103,1,1,1,40,2,1,1,2,NA,56,7,8,136.57205200195313,18,63,105,28533.865234375,547.2243629405922,6,6,3,6,Urbana,15396.272135416666,3561.1744791666665,295.2707297717746,68.29644072666973,6.304858888234974,5.687892663524823,4.223857652871407
2021,9985,73,11,180103,2,1,2,39,2,2,1,1,1,30,20,8,52.334510803222656,18,50,118,9448,181.19437162106442,6,6,3,6,Urbana,15396.272135416666,3561.1744791666665,295.2707297717746,68.29644072666973,5.199570331432549,5.687892663524823,4.223857652871407
2021,10298,17,11,180303,1,1,1,49,2,1,1,2,NA,50,4,10,197.28768920898438,18,54,114,51125.17578125,980.4820173264242,3,3,3,4,Urbana,31264.224609375,10210.810546875,599.5873764093482,195.8236029617647,6.888044305158602,6.396241712653496,5.27721426911201
2021,10679,60,11,180101,1,1,2,55,6,1,1,2,NA,53,8,3,141.69544982910156,18,61,107,7006,134.3615334014794,3,3,2,4,Urbana,2580.090087890625,1111.8907470703125,49.481139098336016,21.323914609089876,4.9005341773127835,3.901591568648467,3.0598291945016376
2021,10682,23,11,180101,1,1,1,35,6,1,1,2,NA,53,35,11,156.53143310546875,18,88,80,48488,929.9060850086973,3,3,3,4,Urbana,21972.278125,5325.66484375,421.3858094774169,102.13595415195549,6.835083597186473,6.043548826093583,4.6263048096258395
2021,10694,48,11,180301,1,1,2,34,1,1,1,2,NA,16,10,5,60.34197235107422,18,26,142,7048.38427734375,135.17438188792244,3,3,3,5,Urbana,16673.115234375,10169.5009765625,319.75811154299055,195.0313652781587,4.90656566257718,5.767564808528081,5.273160393209463
2021,10694,73,11,180301,2,1,2,34,2,2,1,1,1,84,17,6,60.34197235107422,18,101,67,13423,257.4271856762858,3,3,2,5,Urbana,10540.123046875,1601.514892578125,202.1391799626603,30.713958996874457,5.550736906042988,5.308956469859126,3.4247172417047085
2021,10695,14,11,180301,1,1,2,41,6,1,1,1,2,72,12,6,43.673927307128906,18,84,84,24962.2890625,478.7284378601881,3,3,3,5,Urbana,28660.2578125,12331.0615234375,549.6483282000042,236.4859170364038,6.171133501068456,6.309278670448346,5.465888658744187
2021,10706,34,11,180301,1,1,1,79,6,1,1,2,NA,84,4,11,4.611318588256836,18,88,80,25433.337890625,487.76224357726556,3,3,3,2,Urbana,78303.359375,12810.24609375,1501.7070277065527,245.6757505576023,6.189828081345554,7.314357758509175,5.504012579327175
2021,10706,42,11,180301,1,1,2,52,5,1,1,1,2,62,7,8,2.5449633598327637,18,69,99,48893.5859375,937.684439060735,3,3,3,2,Urbana,30695.1953125,9999.779947916666,588.67449475384,191.77644411639295,6.843413473492891,6.377873390403709,5.256330340081083
2021,10706,59,11,180301,1,1,1,72,2,1,1,1,1,21,12,6,1.8122996091842651,18,33,135,8094,155.2272696762167,3,3,3,2,Urbana,27875.361979166668,9979.6328125,534.5955437685029,191.39006101501835,5.044890298991162,6.281510468033158,5.254313549849337
2021,10712,15,11,180303,1,1,1,43,2,1,1,2,NA,48,50,8,3.6328415870666504,18,98,70,154402.7265625,2961.145746832263,3,3,3,2,Urbana,34872.134375,13033.6734375,668.7801095642935,249.9606549980918,7.993331549055793,6.505455320844224,5.52130352546908
2021,18883,24,11,180101,1,1,1,52,2,1,1,2,NA,47,3,8,4.123420238494873,18,50,118,19228.23828125,368.76043107019365,3,3,3,2,Urbana,18617.328125,11231.204427083334,357.0443555114886,215.3927845801314,5.910147194901924,5.877860019192072,5.372463266390247
2021,18883,55,11,180101,1,1,1,50,1,1,1,1,1,35,4,4,4.123420238494873,18,39,129,9700,186.02724436116904,3,3,3,2,Urbana,13663.95703125,13194.4443359375,262.04827562812966,253.043929968174,5.225893138046826,5.568528744910286,5.533563109892335
2021,18884,16,11,180101,1,1,2,45,5,1,1,1,1,0,4,4,53.84138870239258,18,4,164,5567,106.76429581016784,3,3,3,5,Urbana,9349.2890625,5416.595052083333,179.3012867044219,103.87981972777374,4.670623561738859,5.189067556850937,4.643234651403879
2021,18884,58,11,180101,1,1,1,26,1,1,1,2,NA,66,3,7,59.868492126464844,18,69,99,34742.48291015625,666.2936451589047,3,3,3,5,Urbana,19017.028645833332,12801.7421875,364.70983865173076,245.51266207863392,6.501730482015737,5.899102074834165,5.50334852259959
2021,18885,3,11,180101,2,1,2,47,2,2,1,1,1,3,15,6,75.839752197265625,18,18,150,4906,94.08759390060776,3,3,3,5,Urbana,17620.2703125,9891.17265625,337.9227145498237,189.69356626213735,4.544226198373786,5.822817214159402,5.245409961037087
2021,18886,56,11,180104,1,1,1,69,5,1,1,1,1,72,3,3,76.22647857666016,18,75,93,13167,252.5176006704652,3,3,3,3,Urbana,32634.150390625,12425.0087890625,625.8599040449419,238.28764393738172,5.531480951911695,6.439126550598794,5.473478531889146
2021,18886,73,11,180104,2,1,2,15,6,3,1,1,2,20,12,5,37.22747039794922,18,32,136,11822.7900390625,226.73825274510048,3,3,3,3,Urbana,18245.0546875,8840.2705078125,349.90487079736647,169.53929504903832,5.423796280575376,5.857661319817955,5.133084729150135
2021,18886,90,11,180104,2,1,2,52,2,2,1,2,NA,51,5,10,42.021148681640625,18,56,112,49216.203125,943.8716129137429,3,3,3,3,Urbana,30260.005859375,9924.13671875,580.3284025126144,190.3257532425316,6.8499901536268775,6.363594154532016,5.248737094849132
2021,18887,43,11,180101,1,1,2,46,5,1,1,2,NA,24,5,8,53.67982482910156,18,29,139,17470.9990234375,335.0599798522426,3,3,2,5,Urbana,6783.7646484375,2014.3270263671875,130.0994890663446,38.63089752137276,5.814309560133595,4.868299458272813,3.6540524101999736
2021,18888,58,11,180101,2,1,2,58,2,2,1,2,NA,0,20,10,39.71498489379883,18,20,148,36296.611328125,696.098823197885,3,3,3,1,Urbana,47107.890625,15581.1890625,903.4382557356803,298.81707888322285,6.545491637608452,6.8062077687216185,5.69983160986891
2021,18888,89,11,180101,5,1,2,65,5,6,1,1,1,4,12,3,25.574932098388672,18,16,152,1269,24.336966298383867,3,3,3,1,Urbana,9258.13359375,7794.99765625,177.553101069369,149.49298286535654,3.191996441269739,5.179269725129947,5.0072494543736745
2021,18889,29,11,180101,1,1,1,29,5,1,1,1,1,18,20,10,59.688838958740234,18,38,130,14672,281.3805906460899,3,3,3,5,Urbana,11657.2734375,14938.4873046875,223.56396436523477,286.49130187786835,5.639708168051597,5.4096975671358205,5.65770817575629
2021,18889,72,11,180101,1,1,2,58,3,1,1,1,2,56,4,1,81.5179672241211,18,60,108,7949.599990844727,152.45795670829062,3,3,3,5,Urbana,7242.9052734375,5130.52587890625,138.904918472841,98.39356612129839,5.02688886432084,4.933789659305014,4.588975416974365
2021,18889,93,11,180101,1,1,2,42,4,1,1,1,1,22,21,7,67.635406494140625,18,43,125,7551,144.81357960527706,3,3,3,5,Urbana,6876.10400390625,4076.6943359375,131.8703793595341,78.18311478528237,4.975447257358777,4.881819465584516,4.359053700774576
2021,18889,136,11,180101,3,1,1,21,6,3,1,1,1,15,2,7,53.25152587890625,18,17,151,39148,750.7829445619634,3,3,3,5,Urbana,18448.45625,6277.996484375,353.80571947475113,120.39983361828745,6.621116588101062,5.868747947436599,4.790818150965854
2021,18890,82,11,180101,2,1,2,57,2,2,1,2,NA,30,13,6,54.234588623046875,18,43,125,17170,329.28740058569815,3,3,3,3,Urbana,35717.955357142855,9542.996651785714,685.0013205468598,183.01622371954215,5.796930927446873,6.529420766066002,5.209574803117017
2021,18890,82,11,180101,4,1,2,21,6,3,1,1,2,6,7,9,46.30329513549805,18,13,155,2113.234130859375,40.52774454162264,3,3,3,3,Urbana,35717.955357142855,9542.996651785714,685.0013205468598,183.01622371954215,3.701986789983005,6.529420766066002,5.209574803117017
2021,18890,115,11,180101,1,1,2,43,1,1,1,1,1,72,7,3,44.99840545654297,18,79,89,26414,506.56944665524935,3,3,3,3,Urbana,10622.1142578125,2912.865234375,203.71161285261275,55.86312296352907,6.227661425159101,5.3167053311935035,4.022904465927604
2021,18891,98,11,180104,2,1,1,32,2,2,1,2,NA,54,8,6,106.07437133789063,18,62,106,48390.90625,928.0440146213579,3,3,3,4,Urbana,24833.49609375,8658.26953125,476.2584377499142,166.04886823038228,6.833079161210332,6.165960643344153,5.1122821319632274
2021,18892,92,11,180101,1,1,2,66,5,1,1,1,1,26,12,6,52.6524543762207,18,38,130,4338,83.19445216894343,3,3,3,5,Urbana,10228.279296875,11228.50390625,196.15861980969606,215.34099381219687,4.421180664942171,5.2789236166795375,5.37222278946096
2021,18893,13,11,180101,1,1,1,66,5,1,1,2,NA,48,12,6,5.071964263916016,18,60,108,30989.248046875,594.3138576273088,3,3,3,2,Urbana,39713.27734375,28752.369140625,761.6238710112019,551.4148453696477,6.387407559663122,6.635452826225465,6.312487421277056
2021,18894,19,11,180101,1,1,2,41,1,1,1,1,1,35,7,6,93.40851593017578,18,42,126,14830,284.41072514186976,3,3,3,5,Urbana,8246.873046875,5348.89404296875,158.15907912438703,102.58144527766484,5.65041940868733,5.063601356414879,4.630657071135264
2021,18894,31,11,180101,1,1,1,65,2,1,1,2,NA,40,16,10,158.23233032226563,18,56,112,31966.875,613.0628522771077,3,3,3,5,Urbana,16005.3671875,12640.0869140625,306.9519951421958,242.41242650605358,6.418467462942957,5.726691367745509,5.490640517345099
2021,18895,77,11,180101,4,1,1,39,1,4,1,2,NA,40,6,11,50.69799041748047,18,46,122,24580.064453125,471.39810891080094,3,3,3,3,Urbana,9817.1025390625,5597.353515625,188.27304463431264,107.34641754917736,6.155702978849523,5.237893274244001,4.676061152078864
2021,18896,11,11,180101,1,1,1,56,2,1,1,2,NA,48,24,5,87.23523712158203,18,72,96,67183.03515625,1288.4407111274977,3,3,3,5,Urbana,26994.713541666668,8550.676432291666,517.7064095335447,163.98544063125883,7.161188015162967,6.249408304618436,5.099777647244654
2021,18896,11,11,180101,3,1,1,29,6,3,1,2,NA,24,8,6,61.370635986328125,18,32,136,10606.17333984375,203.40589686886904,3,3,3,5,Urbana,26994.713541666668,8550.676432291666,517.7064095335447,163.98544063125883,5.315203474683246,6.249408304618436,5.099777647244654
2021,18896,24,11,180101,1,1,1,34,6,1,1,1,1,60,5,8,72.33203125,18,65,103,17302,331.8189053543244,3,3,3,5,Urbana,17554.87890625,5737.6328125,336.6686338168763,110.03670322325763,5.804589354295671,5.81909916417055,4.700813975804386
2021,18896,47,11,180101,3,1,2,42,5,3,1,2,NA,30,25,9,69.5411148071289,18,55,113,26669.6796875,511.47288868666686,3,3,3,5,Urbana,21604.810546875,5827.7568359375,414.33849185363687,111.76510773158954,6.237294580441815,6.026683252934777,4.716399416585022
2021,18898,74,11,180101,1,1,1,61,2,1,1,1,2,60,8,10,46.1160888671875,18,68,100,48203.62890625,924.4523972822763,3,3,3,3,Urbana,49608.182291666664,18413.798177083332,951.3890154108549,353.1410446500546,6.829201559271416,6.857923038220845,5.8668675370456596
2021,18898,86,11,180101,1,1,2,61,6,1,1,2,NA,0,20,11,24.493473052978516,18,20,148,33207.83984375,636.8621584865821,3,3,3,3,Urbana,60065.55859375,33283.95703125,1151.9412728051184,638.3219389648447,6.456553240455288,7.0492038614886114,6.458842762601698
2021,18899,9,11,180101,1,1,2,44,5,1,1,2,NA,42,20,8,88.2115707397461,18,62,106,43110.341796875,826.7729987567819,3,3,3,5,Urbana,18731.3671875,6155.86328125,359.231404227613,118.05755493557129,6.717530169747472,5.88396676085701,4.77117225924378
2021,18899,31,11,180101,1,1,2,54,5,1,1,2,NA,58,48,6,82.37518310546875,18,106,62,83893.0546875,1608.906575727472,3,3,3,5,Urbana,50803.7109375,8927.828125,974.3169431984029,171.21848084782397,7.38331008174384,6.881736654404694,5.142940406759057
2021,18899,52,11,180101,1,1,2,24,1,1,1,1,1,18,16,10,90.76958465576172,18,34,134,7525,144.3149498781234,3,3,3,5,Urbana,27733.66015625,9702.603515625,531.8779767954985,186.07717475677418,4.971998063172428,6.276414096107273,5.226161505705685
2021,18899,63,11,180101,2,1,2,45,2,2,1,1,2,40,3,4,70.01039123535156,18,43,125,16045.2890625,307.71761951291546,3,3,3,5,Urbana,19898.80859375,6912.886067708333,381.6206730686249,132.57578822252566,5.729182542674017,5.944427112814871,4.887154468489402
2021,18900,20,11,180101,1,1,2,33,5,1,1,2,NA,55,10,8,253.0688018798828,18,65,103,38182.0849609375,732.2585617780657,3,3,3,4,Urbana,21969.08203125,12926.2392578125,421.32451457916613,247.90027516330125,6.596133678064295,6.043403355232223,5.513026549017541
2021,18900,20,11,180101,4,1,2,29,6,11,1,2,NA,24,6,10,189.76634216308594,18,30,138,21586.7041015625,413.9912452426409,3,3,3,4,Urbana,21969.08203125,12926.2392578125,421.32451457916613,247.90027516330125,6.025844826844812,6.043403355232223,5.513026549017541
2021,18900,37,11,180101,1,1,1,38,1,1,1,1,2,48,5,7,226.51023864746094,18,53,115,32993.7109375,632.7555800981534,3,3,3,4,Urbana,17384.900390625,7061.6806640625,333.40877455271954,135.4293808756801,6.450084218190225,5.8093692883648504,4.908450330111974
2021,18900,55,11,180101,1,1,1,42,2,1,1,2,NA,48,12,5,204.78079223632813,18,60,108,54857.33984375,1052.0577076409252,3,3,3,4,Urbana,25229.7328125,10832.440625,483.8574918637053,207.745265894302,6.958503246965147,6.181790425063036,5.336312645963533
2021,18901,29,11,180101,3,1,2,33,2,3,1,1,1,4,12,10,57.551334381103516,18,16,152,8078,154.92042061335292,3,3,3,3,Urbana,31781.640625,7009.2953125,609.510415128426,134.42473112350868,5.04291156967871,6.412656036762901,4.90100442249667
2021,18901,65,11,180101,2,1,2,47,1,2,1,2,NA,43,2,8,33.888893127441406,18,45,123,27127.484375,520.2526973950432,3,3,3,3,Urbana,16550.274739583332,3788.2047526041665,317.40226837370636,72.65044239204506,6.254314650065768,5.7601699548018255,4.285659479358317
2021,18901,83,11,180101,1,1,2,47,4,1,1,1,2,84,2,6,33.888893127441406,18,86,82,28231.427734375,541.4241964749755,3,3,3,3,Urbana,13908.9796875,2365.0185546875,266.74733640629887,45.35648294758251,6.294203068599285,5.586301904776053,3.8145531199844354
2021,18902,121,11,180101,3,1,1,34,6,3,1,1,1,40,5,8,72.33203125,18,45,123,21707.919921875,416.31593029683813,3,3,3,5,Urbana,15431.298177083334,5903.360677083333,295.9424615256024,113.21504321937087,6.031444419855622,5.69016504869068,4.72928904757039
2021,18902,137,11,180101,2,1,1,28,6,3,1,2,NA,33,20,9,61.370635986328125,18,53,115,37962.5810546875,728.0489012825811,3,3,3,5,Urbana,20656.29296875,8421.2294921875,396.14775873129423,161.5028986149121,6.5903682180322,5.9817872697688275,5.084523090581597
2021,18902,137,11,180101,3,1,1,26,5,3,1,1,1,60,9,6,61.370635986328125,18,69,99,25014.05078125,479.7211275408541,3,3,3,5,Urbana,20656.29296875,8421.2294921875,396.14775873129423,161.5028986149121,6.173204950775279,5.9817872697688275,5.084523090581597
2021,18910,125,11,180101,2,1,2,49,1,2,1,1,1,30,35,5,154.41966247558594,18,65,103,10712.676513671875,205.4484218114427,3,3,3,4,Urbana,36512.265625,8290.5615234375,700.2346556290502,158.9969396300839,5.325195013681237,6.5514155011961686,5.068884954425458
2021,18910,145,11,180101,4,1,2,24,6,3,1,1,2,30,15,8,200.20751953125,18,45,123,18574.462890625,356.2222831991508,3,3,3,4,Urbana,15662.0140625,6898.0109375,300.3671461023457,132.29051198725043,5.87555492700992,5.705005546739666,4.885000352655403
2021,18911,126,11,180101,1,1,2,36,5,1,1,2,NA,30,6,10,77.08966827392578,18,36,132,34040.873046875,652.8381245936647,3,3,3,5,Urbana,16942.088541666668,11103.90234375,324.9164994978543,212.95137676941636,6.481329203589294,5.783568224696966,5.361063861572161
2021,18913,72,11,180101,1,1,1,41,6,1,1,2,NA,54,20,10,10.877559661865234,18,74,94,35920,688.876146129195,3,3,3,2,Urbana,60464.94921875,34574.27734375,1159.6008127424827,663.0677876326404,6.535061495971488,7.055831097929009,6.496877228749127
2021,18913,134,11,180101,1,1,1,42,2,1,1,2,NA,36,5,8,10.877559661865234,18,41,127,44857.326171875,860.2767811509333,3,3,3,2,Urbana,16989.110677083332,10314.731119791666,325.81829313450794,197.81659861249886,6.757254176016234,5.786339842948062,5.287340331807884
2021,18918,13,11,180101,1,1,2,30,5,1,1,2,NA,40,3,10,4.279213905334473,18,43,125,37123.69140625,711.9606198782577,3,3,3,2,Urbana,21097.86328125,4915.09814453125,404.6162235174875,94.26207872080859,6.5680226007226175,6.002939021600263,4.546078974305768
2021,18918,13,11,180101,3,1,1,28,6,11,1,2,NA,28,9,11,2.801870346069336,18,37,131,35394.13134765625,678.791002181625,3,3,3,2,Urbana,21097.86328125,4915.09814453125,404.6162235174875,94.26207872080859,6.520313277794351,6.002939021600263,4.546078974305768
2021,18918,16,11,180101,1,1,1,51,1,1,1,2,NA,0,8,10,4.123420238494873,18,8,160,24776.33984375,475.1622913905824,3,3,3,2,Urbana,9494.5046875,8040.33203125,182.0862416071987,154.19802180642043,6.163656411765513,5.204480429827584,5.038237632294803
2021,18919,73,11,180101,1,1,1,62,4,1,1,2,NA,40,20,6,61.48811721801758,18,60,108,24978.58203125,479.040905497201,3,3,3,3,Urbana,29167.35546875,12419.365234375,559.3734807375502,238.17941147068922,6.171785991462445,6.326817373025521,5.473024219393348
2021,18920,7,11,180101,3,1,1,23,6,3,1,1,2,40,4,10,144.66473388671875,18,44,124,26525.1865234375,508.7017891877418,3,3,3,4,Urbana,10179.484375,8285.4755859375,195.2228275565801,158.8994011828552,6.231861968999144,5.274141611591216,5.068271305019869
2021,18920,49,11,180101,1,1,1,55,1,1,1,1,1,14,8,5,230.4915771484375,18,22,146,4179.1396484375,80.14781779374566,3,3,3,4,Urbana,6868.20458984375,6094.75439453125,131.7188838718934,116.88560464667769,4.383872652156475,4.8806699839822345,4.761195718437521
2021,18920,49,11,180101,2,1,2,53,1,2,1,1,1,11,15,3,171.58351135253906,18,26,142,15512.484619140625,297.49946050451024,3,3,3,4,Urbana,6868.20458984375,6094.75439453125,131.7188838718934,116.88560464667769,5.695412411553822,4.8806699839822345,4.761195718437521
2021,18920,65,11,180101,1,1,2,58,2,1,1,1,1,6,20,8,221.4542236328125,18,26,142,3824,73.33692602444437,3,3,3,4,Urbana,12447.630208333334,5271.2099609375,238.72147901887573,101.0916147919947,4.295064247726644,5.4752975126181695,4.616027182843854
2021,18920,149,11,180101,1,1,2,26,6,1,1,1,1,12,2,10,185.7035675048828,18,14,154,2015,38.64380385440779,3,3,3,4,Urbana,8394.44921875,3750.391845703125,160.98930475194132,71.9252639516238,3.6543864479361345,5.081337932665719,4.275627579248379
2021,18921,3,11,180104,2,1,2,53,1,2,1,1,1,9,8,1,82.37518310546875,18,17,151,703,13.482180699577508,3,3,3,5,Urbana,6581.603515625,4069.4436848958335,126.22242943190733,78.04406131795189,2.6013688653660165,4.838045663569556,4.357273555891726
2021,18921,34,11,180104,1,1,2,47,5,1,1,2,NA,40,2,6,70.01039123535156,18,42,126,45128.22265625,865.472051923656,3,3,3,5,Urbana,41619.37109375,22038.77734375,798.1790635685779,422.6611359120801,6.763275082845504,6.682332962714854,6.0465707608619335
2021,18922,6,11,180101,1,1,1,39,1,1,1,1,1,19,2,9,81.5940170288086,18,21,147,22488,431.2763578550484,3,3,3,5,Urbana,7127.74609375,6000.5693359375,136.69638807488653,115.07931733634877,6.066749086141719,4.917762321104944,4.745621606586753
2021,18922,81,11,180101,4,1,1,54,5,10,1,2,NA,48,10,7,87.84209442138672,18,58,110,33270.212890625,638.0583529229291,3,3,3,5,Urbana,14623.8642578125,5790.623046875,280.45744018480946,111.05295345818894,6.458429741424016,5.636421985054432,4.71000714573814
2021,18923,34,11,180101,1,1,2,46,1,1,1,2,NA,51,10,11,26.610319137573242,18,61,107,71469.015625,1370.637529270524,3,3,3,3,Urbana,43683.44921875,13956.41015625,837.7640909644458,267.65696108674433,7.223031260413015,6.730736546487241,5.589706164671347
2021,18923,34,11,180101,2,1,1,66,1,2,1,1,2,36,30,11,56.796539306640625,18,66,102,62015.75,1189.3421731434194,3,3,3,3,Urbana,43683.44921875,13956.41015625,837.7640909644458,267.65696108674433,7.081155637579914,6.730736546487241,5.589706164671347
2021,18924,5,11,180101,6,1,1,35,6,7,1,2,NA,40,4,8,234.7198486328125,18,44,124,25563.34765625,490.2555794988388,3,3,3,4,Urbana,20923.263020833332,8980.849609375,401.26772812469835,172.23533039733118,6.194926845937423,5.994628855710458,5.148861741665207
2021,18924,110,11,180101,1,1,1,58,1,1,1,1,1,32,24,6,244.07086181640625,18,56,112,11445.470336914063,219.50199043233235,3,3,2,4,Urbana,4771.559895833333,3229.8515625,91.50929265217955,61.942307821390834,5.391361300502961,4.516440526164919,4.126203432833697
2021,18924,142,11,180101,1,1,2,60,5,1,1,1,1,18,33,6,142.13560485839844,18,51,117,6772,129.87386585709658,3,3,3,4,Urbana,23549.154296875,5306.318359375,451.62724545192157,101.7649259894444,4.866563716808377,6.11285716139438,4.622665506335324
2021,18924,142,11,180101,2,1,1,55,6,11,1,1,1,44,12,8,244.07086181640625,18,56,112,18384,352.5695732304878,3,3,3,4,Urbana,23549.154296875,5306.318359375,451.62724545192157,101.7649259894444,5.865247973643888,6.11285716139438,4.622665506335324
2021,18925,50,11,180101,1,1,2,30,6,1,1,1,1,5,2,10,60.650177001953125,18,7,161,6676,128.03277147991386,3,3,3,3,Urbana,24836.462890625,12891.1337890625,476.31533517746425,247.22702015159305,4.852286258337077,6.166080103756007,5.510307024430559
2021,18926,3,11,180101,3,1,1,26,6,3,1,1,2,40,8,7,79.55060577392578,18,48,120,9756.29638671875,187.10690020537314,3,3,3,5,Urbana,11140.755208333334,7161.921875,213.658143454494,137.35181347796154,5.231680112372173,5.364377277228347,4.922545615788386
2021,18926,3,11,180101,4,1,1,23,1,3,1,1,1,24,9,7,70.97124481201172,18,33,135,22344.0849609375,428.51634567577753,3,3,3,5,Urbana,11140.755208333334,7161.921875,213.658143454494,137.35181347796154,6.060328883578143,5.364377277228347,4.922545615788386
2021,18926,51,11,180101,1,1,1,27,5,1,1,2,NA,48,12,10,79.55060577392578,18,60,108,16432.001220703125,315.13401097183174,3,3,3,5,Urbana,14389.723958333334,8643.723307291666,275.9670819676952,165.76989978101844,5.752997980011853,5.620281590371141,5.110600680870135
2021,18927,48,11,180104,1,1,1,45,1,1,1,1,1,40,40,5,98.695465087890625,18,80,88,21585.01513671875,413.95885416267123,3,3,2,5,Urbana,3671.03369140625,2568.355224609375,70.40332799683658,49.25608711079313,6.025766582805686,4.254240534729017,3.897032956138958
2021,18930,62,11,180101,1,1,2,43,5,1,1,1,1,14,10,6,69.5411148071289,18,24,144,11999,230.11761908140898,3,3,3,5,Urbana,12368.0712890625,9933.4921875,237.1956927800813,190.5051730436934,5.43859056551974,5.4688855083587065,5.249679349283068
2021,18932,5,11,180104,1,1,2,66,5,1,1,1,1,35,1,4,52.49445724487305,18,36,132,4671.5791015625,89.59185433803069,3,3,3,5,Urbana,18528.653645833332,8035.750651041667,355.3437504594745,154.1101597924486,4.495264404442285,5.8730856321180385,5.037667670019428
2021,18932,5,11,180104,3,1,2,29,6,3,1,1,2,25,2,7,68.35804748535156,18,27,141,3542.626220703125,67.94072099371391,3,3,3,5,Urbana,18528.653645833332,8035.750651041667,355.3437504594745,154.1101597924486,4.218635574888579,5.8730856321180385,5.037667670019428
2021,18933,94,11,180101,1,1,2,55,5,1,1,1,1,40,24,3,25.464677810668945,18,64,104,6944.5999755859375,133.1839996545251,3,3,3,3,Urbana,9617.4462890625,9759.1376953125,184.4440238088503,187.1613910103293,4.891731628177202,5.217346023457343,5.231971298169207
2021,18936,86,11,180101,3,1,1,48,1,4,1,2,NA,25,6,6,168.9102020263672,18,31,137,60260,1155.6702830107263,3,3,3,4,Urbana,27503.580078125,9197.474609375,527.4654857732309,176.38977903751038,7.052435786239643,6.268083433395818,5.172696199929764
2021,18936,104,11,180101,1,1,2,37,5,1,1,2,NA,30,12,5,135.6508026123047,18,42,126,53360,1023.3416246507195,3,3,3,4,Urbana,24079.333333333332,14259.614583333334,461.7950542323755,273.4718357309113,6.9308286541448565,6.135121187102056,5.6111986393416435
2021,18937,61,11,180101,1,1,2,64,5,1,1,1,1,23,1,6,51.28909683227539,18,24,144,1536.8999977111816,29.474770250814238,3,3,3,5,Urbana,7779.6650390625,7665.38720703125,149.19893291440445,147.00730506034859,3.383534651679374,5.0052805356958565,4.990482279832102
2021,18939,30,11,180101,1,1,2,66,5,1,1,2,NA,35,1,4,19.581892013549805,18,36,132,2495.818183898926,47.86496692548604,3,3,3,3,Urbana,56187.3125,12198.0234375,1077.5640115912233,233.93450378670923,3.8683838574022777,6.982458227722603,5.455041177831451
2021,18940,10,11,180101,1,1,1,50,2,1,1,1,1,48,28,6,136.10218811035156,18,76,92,86448,1657.9054866530248,3,3,3,4,Urbana,29885.661458333332,6627.326822916667,573.1492007221182,127.09931405649988,7.413310329639199,6.35114606802479,4.844968781300435
2021,18940,10,11,180101,2,1,2,44,2,2,1,1,1,60,10,6,104.79402923583984,18,70,98,16038,307.57782938808543,3,3,3,4,Urbana,29885.661458333332,6627.326822916667,573.1492007221182,127.09931405649988,5.728728158922325,6.35114606802479,4.844968781300435
2021,18940,61,11,180101,2,1,2,53,5,10,1,1,1,61,2,6,97.86048126220703,18,63,105,3868.2528076171875,74.18560930859594,3,3,3,4,Urbana,10550.6103515625,3777.71337890625,202.3403061886182,72.4492381303351,4.306570186735557,5.309950964014804,4.282886152912022
2021,18940,95,11,180101,1,1,1,44,3,1,1,2,NA,43,6,9,114.29364776611328,18,49,119,30132.51171875,577.8833114144016,3,3,3,4,Urbana,13643.927083333334,10953.888020833334,261.66413995641466,210.0743921192211,6.3593719649251,5.5670617728501535,5.347461716173162
2021,18941,4,11,180101,3,1,1,23,6,3,1,2,NA,48,10,7,69.45179748535156,18,58,110,15626.393310546875,299.6840089551382,3,3,3,5,Urbana,9485.400390625,7295.140625,181.91163879694074,139.90669151504807,5.702728616059378,5.203521068067259,4.940975711228428
2021,18941,15,11,180101,1,1,2,55,1,1,1,1,1,42,4,6,106.31751251220703,18,46,122,21824,418.5421217462013,3,3,3,5,Urbana,23279.830729166668,22458.434895833332,446.4621401795195,430.7093563233601,6.03677753419854,6.101354604290385,6.065433515351765
2021,18941,15,11,180101,2,1,1,31,1,2,1,1,2,48,18,10,91.751800537109375,18,66,102,39609.541015625,759.6344088193216,3,3,3,5,Urbana,23279.830729166668,22458.434895833332,446.4621401795195,430.7093563233601,6.632837276515816,6.101354604290385,6.065433515351765
2021,18944,103,11,180301,1,1,2,57,5,1,1,2,NA,40,12,10,5.102077007293701,18,52,116,53394.17578125,1023.9970500537945,3,3,3,2,Urbana,24443.21875,12592.173177083334,468.7736729257483,241.49353367540613,6.931468924788462,6.150120078251022,5.486842697062957
2021,18949,4,11,180301,1,1,1,46,1,1,1,1,1,8,3,7,60.60047149658203,18,11,157,11478.635009765625,220.13802473137522,3,3,2,3,Urbana,5420.40771484375,1875.4871826171875,103.95293922746434,35.96821777494515,5.394254734771194,4.643938289300763,3.5826357089388714
2021,18950,9,11,180301,1,1,2,48,6,1,1,1,1,11,9,3,154.41966247558594,18,20,148,4801.4638671875,92.08279300130027,3,3,3,4,Urbana,20853.109375,5761.15078125,399.9223168446711,110.48773239021996,4.522688096287454,5.991270320358866,4.7049044957017
2021,18950,24,11,180301,1,1,1,46,2,1,1,2,NA,48,20,10,276.13482666015625,18,68,100,57815.453125,1108.788600653205,3,3,3,4,Urbana,24966.890625,8112.88359375,478.8166869314902,155.5894204915722,7.01102334758662,6.171317824646045,5.047220617733344
2021,18950,24,11,180301,2,1,2,39,2,2,1,2,NA,60,1,8,221.76226806640625,18,61,107,16014,307.1175557937898,3,3,3,4,Urbana,24966.890625,8112.88359375,478.8166869314902,155.5894204915722,5.72723059218793,6.171317824646045,5.047220617733344
2021,18951,91,11,180301,1,1,1,43,2,1,1,1,1,7,12,8,212.20285034179688,18,19,149,16260,311.83536013532046,3,3,3,4,Urbana,16985.9296875,11939.62109375,325.75728790496885,228.9788464728659,5.742475356657153,5.7861525884483775,5.433629625806612
2021,18952,16,11,180301,1,1,2,32,5,1,1,1,2,21,1,6,93.72956085205078,18,22,146,5234.7373046875,100.3921397675906,3,3,3,5,Urbana,5870.472005208333,7067.065755208333,112.58430208539097,135.53265651140103,4.6090839150254475,4.723702292890686,4.909212618746336
2021,18952,66,11,180301,1,1,1,46,1,1,1,1,1,32,24,7,98.695465087890625,18,56,112,36303.3349609375,696.2277694746073,3,3,3,5,Urbana,13851.471354166666,7553.881510416667,265.64443776941187,144.8688414034637,6.545676861790437,5.582158714486185,4.975828791030476
2021,18952,116,11,180301,1,1,2,36,5,1,1,1,2,20,20,8,79.261749267578125,18,40,128,11238.244873046875,215.5278067205099,3,3,3,5,Urbana,8335.521484375,7193.166015625,159.85918474758788,137.95101568238437,5.373089934725542,5.074293332394977,4.926898663321108
2021,18955,41,11,180301,3,1,1,25,6,3,1,1,2,48,15,7,103.37260437011719,18,63,105,21010.55078125,402.94173859240664,3,3,3,4,Urbana,25129.53125,13639.50390625,481.9358196417921,261.5793119724833,5.998791982245931,6.177810950914642,5.5667375337818505
2021,18957,124,11,180301,1,1,1,66,2,1,1,1,1,24,2,5,72.331787109375,18,26,142,6058,116.1807264268002,3,3,3,3,Urbana,16226.623046875,4225.25439453125,311.19525471109205,81.03220945768743,4.755146965142534,5.7404205438303055,4.394846723257345
2021,18959,35,11,180301,1,1,1,57,2,1,1,1,1,30,8,6,44.563777923583984,18,38,130,17461,334.86821791653324,3,3,3,1,Urbana,7403.084263392857,5493.319196428572,141.97684178273278,105.35124046473388,5.813737075077479,4.955663958264194,4.657299914881721
2021,18960,68,11,180301,2,1,2,28,6,3,1,1,1,3,16,9,43.155479431152344,18,19,149,8543.619140625,163.8500954228668,3,3,3,3,Urbana,8136.615885416667,4944.157877604167,156.04455995766762,94.8193882120896,5.098951957524067,5.050141607216263,4.551973905355389
2021,18960,68,11,180301,5,1,2,20,1,4,1,1,2,48,3,6,43.93748474121094,18,51,117,20029.7041015625,384.13099581270893,3,3,3,3,Urbana,8136.615885416667,4944.157877604167,156.04455995766762,94.8193882120896,5.950983629343366,5.050141607216263,4.551973905355389
2021,18960,84,11,180301,1,1,1,60,2,1,1,1,1,24,54,6,58.7299690246582,18,78,90,11606,222.5806389748173,3,3,3,3,Urbana,15961.3369140625,9335.4443359375,306.107579633325,179.03577161871513,5.405289458305905,5.723936607596199,5.187585627320449
2021,18971,98,11,180301,1,1,1,36,1,1,1,1,2,48,12,7,112.68617248535156,18,60,108,22100.462890625,423.8441454277572,3,3,3,5,Urbana,7197.3818359375,4235.23486328125,138.03186696439016,81.22361555036736,6.049365806118995,4.92748457853109,4.397206036785309
2021,18971,113,11,180301,1,1,1,41,6,1,1,2,NA,48,8,4,101.87602996826172,18,56,112,37594.2421875,720.9848740192816,3,3,3,5,Urbana,57432.90234375,17015.576171875,1101.4520163579318,326.32585015169855,6.5806181578960645,7.0043846032036035,5.787896422501517
2021,18975,97,11,180301,4,1,1,40,6,3,1,1,1,6,72,6,4.35403299331665,18,78,90,17607.92431640625,337.6859422166057,3,3,3,2,Urbana,21325.9921875,10328.8388671875,408.9912948359221,198.08715792921953,5.822116298501971,6.013693871796543,5.288707125400367
2021,18979,12,11,180301,1,1,2,51,5,1,1,1,1,20,2,5,39.8741340637207,18,22,146,7599,145.7341267938684,3,3,3,3,Urbana,11878.5947265625,13383.927734375,227.80847874902432,256.6778551705985,4.981783912225136,5.4285052704654,5.547821816803295
2021,18979,77,11,180301,5,1,2,25,6,3,1,1,2,25,9,8,43.155479431152344,18,34,134,8685.97412109375,166.58018869479355,3,3,3,3,Urbana,13564.596354166666,4849.469075520833,260.1427299625964,93.00344007565427,5.115476807264348,5.561230441785945,4.532636482529939
2021,18980,26,11,180301,1,1,2,54,6,1,1,2,NA,48,2,11,3.7280092239379883,18,50,118,39161.00390625,751.0323343398622,3,3,3,2,Urbana,25571.001953125,7872.12255859375,490.40237411277474,150.97208936583408,6.621448705883714,6.195226225786414,5.017094981093297
2021,18981,155,11,180301,1,1,2,45,5,1,1,1,1,24,24,5,33.35367965698242,18,48,120,17453,334.71479338510136,3,3,2,3,Urbana,7217.2255859375,2990.548828125,138.41243172009038,57.35294408490898,5.813278806180188,4.9302378637167115,4.049224177652864
2021,18982,119,11,180301,2,1,1,44,1,2,1,1,2,49,18,6,49.07752990722656,18,67,101,26460.0751953125,507.453079811681,3,3,3,3,Urbana,15186.963541666666,13033.3671875,291.2565956566794,249.95478171524792,6.229404253068805,5.67420465065501,5.521280028363719
2021,18983,2,11,180301,1,1,1,46,2,1,1,1,1,11,25,9,59.643367767333984,18,36,132,6026,115.56702830107264,3,3,3,3,Urbana,6444.15234375,5843.880859375,123.58638172694653,112.07433532417645,4.749850693245598,4.816940358750608,4.719162359389756
2021,18984,31,11,180301,1,1,1,22,6,1,1,1,1,20,28,8,53.25152587890625,18,48,120,18618.83935546875,357.07333798980784,3,3,3,5,Urbana,20999.2265625,14320.0361328125,402.72456197296276,274.63060422056503,5.8779411892249644,5.998252859225515,5.615426937307901
2021,18987,4,11,180301,1,1,2,60,5,1,1,1,1,20,1,3,134.2276611328125,18,21,147,15941,305.71755694447376,3,3,3,4,Urbana,18435.878348214286,6418.107142857143,353.5644996387675,123.08688513406702,5.722661659188998,5.8680659287741905,4.812890489205026
2021,18987,77,11,180301,1,1,1,60,6,1,1,2,NA,30,10,8,252.72259521484375,18,40,128,37821.130859375,725.336160040485,3,3,3,4,Urbana,44814.40625,12494.3828125,859.4536600380877,239.61810356731215,6.586635216414769,6.756296908346851,5.47904642084654
2021,18988,55,11,180301,3,1,1,30,6,3,1,2,NA,47,5,10,44.412933349609375,18,52,116,47369.69140625,908.4590885096533,3,3,3,3,Urbana,23430.3546875,8336.728125,449.34889865159016,159.88232578165005,6.811749854912136,6.1077996431201615,5.074438080782913
2021,18990,73,11,180301,2,1,1,35,1,2,1,1,1,10,21,4,5.233083248138428,18,31,137,14692,281.76415197466963,3,3,3,2,Urbana,14515.6982421875,8109.71533203125,278.3830251517944,155.5286593578656,5.641070380494909,5.628997953727041,5.046830019189482
2021,18992,25,11,180301,1,1,1,48,2,1,1,1,1,50,17,5,63.863494873046875,18,67,101,21253.734375,407.60552970778383,3,3,3,3,Urbana,24390.279296875,8397.5205078125,467.7583965770028,161.04820613760455,6.010299867762394,6.147951915986139,5.0817037371718925
2021,18992,106,11,180301,1,1,1,74,1,1,1,1,1,40,5,6,29.923776626586914,18,45,123,5059.626220703125,97.03384776648643,3,3,3,3,Urbana,7412.462890625,6913.8466796875,142.15670571880352,132.5942109028746,4.575059863682123,4.956930010525023,4.887293418449347
2021,18993,48,11,180301,1,1,1,58,2,1,1,1,1,27,24,5,113.07713317871094,18,51,117,40001.336181640625,767.148282539725,3,3,3,5,Urbana,22547.53125,6044.81591796875,432.41805212214894,115.92788122579968,6.6426801106345215,6.069392833557221,4.75296828419165
2021,18993,96,11,180301,1,1,2,38,5,1,1,1,2,72,2,5,102.74164581298828,18,74,94,25870.33984375,496.14309606389367,3,3,3,5,Urbana,12336.997395833334,7436.345703125,236.5997555915251,142.61473188343956,6.206864385245586,5.4663699185409005,4.960146811784703
2021,18995,32,11,180303,2,1,2,48,2,2,1,1,1,16,5,8,28.14134407043457,18,21,147,13851,265.635398107892,3,3,3,1,Urbana,35077.9609375,17125.611328125,672.7274650527685,328.43611168778494,5.58212468473045,6.5113402922831005,5.79434233404132
2021,18999,95,11,180301,1,1,2,56,5,1,1,2,NA,60,5,10,143.4430694580078,18,65,103,39065.02734375,749.1916894486114,3,3,3,4,Urbana,27575.96875,18777.849609375,528.8537605311558,360.1228472021119,6.618994877941154,6.270711948519615,5.886445215468357
2021,19000,68,11,180302,2,1,2,58,2,2,1,1,1,60,24,6,81.76332092285156,18,84,84,20901.147583007813,400.8435967889744,3,5,3,5,Urbana,26712.044921875,6716.244140625,512.2853719657902,128.8045762821976,5.993571318278735,6.238881836888831,4.858296343180358
2021,19004,8,11,180301,1,1,1,52,3,1,1,1,1,16,24,7,161.83047485351563,18,40,128,9882.12939453125,189.52013398816044,3,3,3,4,Urbana,16948.578125,9082.064453125,325.0409571581174,174.17643539436818,5.2444952668371965,5.7839511964146055,5.160068781986678
2021,19004,36,11,180301,1,1,1,57,2,1,1,1,1,11,5,3,156.3083038330078,18,16,152,4533.294616699219,86.9398253012245,3,3,3,4,Urbana,8053.936197916667,3975.74609375,154.4589234184648,76.24712269072108,4.465216216140919,5.039928193147028,4.333979679571873
2021,19004,36,11,180301,2,1,2,54,2,2,1,1,2,18,2,3,116.35969543457031,18,20,148,13119.1845703125,251.60059318358782,3,3,3,4,Urbana,8053.936197916667,3975.74609375,154.4589234184648,76.24712269072108,5.527842882468927,5.039928193147028,4.333979679571873
2021,19005,36,11,180301,1,1,1,66,6,1,1,1,1,6,7,6,28.69944953918457,18,13,155,17418,334.0435610600868,3,3,3,2,Urbana,41790.84375,9455.5048828125,801.4675775608952,181.3383007621843,5.811271406808037,6.686444519030391,5.200364351721731
2021,19005,66,11,180301,3,1,2,48,5,3,1,2,NA,40,7,8,13.446268081665039,18,47,121,35640.8984375,683.5235178231361,3,3,3,2,Urbana,13788.440104166666,7880.427734375,264.4356202698098,151.1313665786713,6.527261063506426,5.577597820044943,5.018149435946171
2021,19006,26,11,180201,1,1,1,32,5,1,1,1,1,5,48,6,420.8786926269531,18,53,115,27813.87432861328,533.4163295216277,6,5,3,5,Urbana,31619.189453125,5308.087890625,606.3949157627405,101.79886217730507,6.279302225305613,6.407531449996742,4.622998927013733
2021,19006,86,11,180201,1,1,1,44,5,1,1,1,1,48,6,6,441.31988525390625,18,54,114,23443.553833007813,449.6020327409449,6,5,3,5,Urbana,10134.135416666666,4120.01171875,194.35312222117807,79.01385843039033,6.108362819790224,5.269676722109651,4.369623260251674
2021,19011,44,11,180201,2,1,2,54,2,2,1,2,NA,43,4,10,107.2867202758789,18,47,121,24857.24609375,476.71391682760265,6,5,3,5,Urbana,25623.841145833332,7727.396484375,491.41572766058914,148.19652310046047,6.166916555884919,6.197290465396208,4.998539251726186
2021,19011,89,11,180201,1,1,1,42,1,1,1,2,NA,40,5,8,125.30278015136719,18,45,123,24523.939453125,470.32173993247403,6,5,3,5,Urbana,9668.3798828125,6531.83984375,185.42083165325482,125.26805842693828,6.153417013552359,5.222628007409069,4.830455908629564
2021,19011,89,11,180201,2,1,2,30,1,2,1,1,2,24,1,8,154.849609375,18,25,143,8339.6376953125,159.93812571438298,6,5,3,5,Urbana,9668.3798828125,6531.83984375,185.42083165325482,125.26805842693828,5.074787026155469,5.222628007409069,4.830455908629564
2021,19011,105,11,180201,1,1,1,55,2,1,1,1,1,21,35,6,144.12039184570313,18,56,112,2367,45.39448323741104,6,5,3,5,Urbana,42010.299479166664,13936.8359375,805.6763141130751,267.2815654192613,3.8153905830693353,6.691682066452395,5.588302654882821
2021,19011,105,11,180201,2,1,2,49,2,2,1,2,NA,30,47,8,91.18262481689453,18,77,91,87389.8984375,1675.9692774567584,6,5,3,5,Urbana,42010.299479166664,13936.8359375,805.6763141130751,267.2815654192613,7.42414695000096,6.691682066452395,5.588302654882821
2021,19013,17,11,180101,1,1,1,76,2,1,1,1,1,8,15,6,12.026518821716309,18,23,145,9941,190.64915837055477,3,7,3,6,Rural,26662.557291666668,13978.02734375,511.3362949062417,268.07153694462716,5.250434871767497,6.2370274851058944,5.591253873789539
2021,19013,19,11,180101,1,1,1,72,5,1,1,1,1,39,8,8,14.577567100524902,18,47,121,17041.92822265625,326.83123153212136,3,7,3,6,Rural,39012.60546875,17714.2734375,748.1863392475294,339.725512725606,5.789443926143293,6.617652063591161,5.828137976042617
2021,19013,105,11,180101,1,1,2,43,5,1,1,2,NA,0,24,6,34.7970085144043,18,24,144,33325.2265625,639.1134087766503,3,7,3,6,Rural,19533.63671875,2924.4775390625,374.61738259187734,56.08582451421958,6.460081917153794,5.925905192008352,4.026883098143081
2021,19013,109,11,180101,2,1,1,76,2,2,1,1,1,24,10,1,12.026518821716309,18,34,134,2526,48.44379579961989,3,7,3,6,Rural,2428.83935546875,2416.38671875,46.580442504516434,46.34162501030821,3.880404276465788,3.8411807642933478,3.83604058550869
2021,19014,101,11,180101,1,1,2,70,3,1,1,1,1,56,7,3,20.84278678894043,18,63,105,1132,21.709571197612714,3,7,3,6,Rural,10078.5341796875,780.53070068359375,193.28679800485781,14.969069627573338,3.0777532323184795,5.2641750859245935,2.7059860473735027
2021,19014,104,11,180101,2,1,1,55,6,10,1,1,1,35,30,3,27.988941192626953,18,65,103,1669,32.008192869978465,3,7,3,6,Rural,10002.8720703125,6377.53564453125,191.83574504510682,122.30880224404953,3.4659918972171866,5.25663951132674,4.806549012662912
2021,19014,267,11,180101,1,1,1,68,2,1,1,1,1,25,1,3,15.84980583190918,18,26,142,28503,546.6324274254022,3,7,3,6,Rural,24619.90625,6293.45703125,472.16219753791984,120.69633701328465,6.30377659743021,6.157322565406774,4.793277779782869
2021,19014,267,11,180101,2,1,2,64,2,2,1,1,1,36,4,3,17.848655700683594,18,40,128,16913,324.3586375134486,3,7,3,6,Rural,24619.90625,6293.45703125,472.16219753791984,120.69633701328465,5.781849809529393,6.157322565406774,4.793277779782869
2021,19014,271,11,180101,1,1,1,35,1,1,1,1,1,14,2,5,84.90680694580078,18,16,152,14847,284.7367522711625,3,7,3,6,Rural,6296.055989583333,3235.3854166666665,120.74618000884747,62.04843644420749,5.651565077175347,4.793690656494773,4.1279153130125446
2021,19014,272,11,180101,1,1,2,34,5,1,1,1,1,34,12,6,81.2807846069336,18,46,122,946,18.142450841821226,3,7,3,6,Rural,3882.7223307291665,4083.8880208333335,74.46310678403324,78.32107575208386,2.8982545426072295,4.3103037917755005,4.360816733471182
2021,19015,189,11,180101,1,1,1,74,5,1,1,1,1,42,15,4,17.203767776489258,18,57,111,11934,228.87104476352485,3,7,3,6,Rural,13080.0654296875,6363.8798828125,250.8503637060367,122.04691113866893,5.433158721637379,5.524856600823716,4.8044054883554095
2021,19015,190,11,180101,1,1,1,66,5,1,1,1,1,70,5,5,15.526078224182129,18,75,93,20288,389.08461171127806,3,7,3,6,Rural,9976.208984375,7585.994791666667,191.32439861179566,145.48471204452892,5.963796830792304,5.253970409410217,4.980071009232205
2021,19015,191,11,180101,1,1,1,49,2,1,1,2,NA,34,1,8,82.12675476074219,18,35,133,32814.75390625,629.3235302649067,3,7,3,6,Rural,20579.36328125,10539.52734375,394.67239607405804,202.12775552855712,6.444645481006439,5.9780560437500085,5.308899950598691
2021,19015,191,11,180101,2,1,2,38,2,2,1,2,NA,40,7,6,41.141693115234375,18,47,121,22010.59375,422.12062907893505,3,7,3,6,Rural,20579.36328125,10539.52734375,394.67239607405804,202.12775552855712,6.045291124086378,5.9780560437500085,5.308899950598691
2021,19015,192,11,180101,1,1,1,53,5,1,1,1,1,10,27,4,84.11602783203125,18,37,131,4647.60302734375,89.13203959395719,3,7,3,6,Rural,9544.033203125,4637.2841796875,183.03610276998404,88.93414404813504,4.490118861241708,5.209683416279797,4.487896141315336
2021,19015,396,11,180101,2,1,2,29,6,3,1,1,1,2,7,8,58.26154708862305,18,9,159,1420.563720703125,27.243665402252752,3,7,3,6,Rural,6491.56640625,3932.2005208333335,124.49569176723965,75.41200280063697,3.3048210317830526,4.824271111026821,4.322966450682152
2021,19015,398,11,180101,1,1,1,55,5,1,1,1,1,16,60,6,27.41727638244629,18,76,92,15110.79541015625,289.79583817080083,3,7,3,6,Rural,26412.259765625,11840.2275390625,506.53607232480357,227.07267027845594,5.669176668744127,6.22759553995794,5.425270099634913
2021,19016,5,11,180104,1,1,2,60,5,1,1,1,1,28,12,6,24.542451858520508,18,40,128,9746,186.9094354169024,3,8,3,6,Rural,13913.134765625,5768.6474609375,266.82702277059775,110.63150421126367,5.230624196958803,5.586600593659883,4.706204896729795
2021,19016,6,11,180104,1,1,1,36,1,1,1,2,NA,60,3,8,116.74947357177734,18,63,105,18777,360.10655333707945,3,8,3,6,Rural,7035.2724609375,9371.8330078125,134.9229226018787,179.73363598519646,5.8863999691481625,4.904703671698229,5.191475954822467
2021,19016,7,11,180104,2,1,1,47,1,2,1,2,NA,0,18,8,115.28140258789063,18,18,150,55099.88671875,1056.7092877218183,3,8,3,6,Rural,39898.96875,13802.3203125,765.1850731355564,264.7018158272747,6.962914912773191,6.640117730234635,5.578603969153896
2021,19016,8,11,180104,2,1,2,48,1,2,1,1,1,12,30,6,71.62769317626953,18,42,126,4497,86.24376473115228,3,8,3,6,Rural,9356.142578125,10184.712890625,179.43272388235025,195.32310037656134,4.457177760326059,5.1898003403614545,5.274655112385938
2021,19016,8,11,180104,3,1,2,24,6,3,1,2,NA,44,8,10,130.69784545898438,18,52,116,22073.130859375,423.3199699168056,3,8,3,6,Rural,9356.142578125,10184.712890625,179.43272388235025,195.32310037656134,6.048128323160619,5.1898003403614545,5.274655112385938
2021,19016,60,11,180104,1,1,1,46,1,1,1,1,1,46,2,3,115.28140258789063,18,48,120,14600.226821899414,280.00411986865737,3,8,3,6,Rural,12958.865234375,6582.17529296875,248.52597830912742,126.23339501578835,5.634804316877636,5.5155473805520945,4.838132534877928
2021,19016,63,11,180104,1,1,1,38,6,1,1,1,1,14,12,8,116.74947357177734,18,26,142,788,15.11231634604136,3,8,3,6,Rural,2517.747314453125,12175.6982421875,48.28552524798439,233.506349707966,2.7155100634132308,3.87713183143747,5.453209270349345
2021,19019,18,11,180208,1,1,2,69,5,1,1,1,1,70,7,4,15.872428894042969,18,77,91,10788,206.89298063590633,6,6,3,6,Urbana,15120.3603515625,6540.19970703125,289.9792752524793,125.42838444028334,5.332201657814972,5.669809455780177,4.831734953783685
2021,19019,27,11,180208,1,1,1,45,1,1,1,1,1,45,16,5,114.8574447631836,18,61,107,21735.6513671875,416.84776579721307,6,6,3,6,Urbana,8230.227864583334,2289.1648763020835,157.83985671267487,43.90175606462402,6.032721085113851,5.061580953912851,3.781954320753161
2021,19020,67,11,180105,1,1,1,55,2,1,1,2,NA,66,12,8,37.752174377441406,18,78,90,41636.359375,798.5048659549047,6,6,3,6,Urbana,14785.5625,5931.196614583333,283.5584998149317,113.74888267785899,6.682741061506136,5.647418450434423,4.733993235170589
2021,19020,88,11,180105,1,1,2,41,1,1,1,1,1,58,8,6,56.545509338378906,18,66,102,5940,113.91771458817979,6,6,3,6,Urbana,13574.79296875,4632.5859375,260.33828131442635,88.84404084736369,4.735476385912042,5.561981867320381,4.48688248254118
2021,19021,2,11,180208,1,1,2,62,5,1,1,1,1,28,20,3,24.07470703125,18,48,120,15345.5078125,294.29716821465627,6,8,3,6,Rural,7772.66796875,2885.22216796875,149.06474263514303,55.33298239968913,5.6845900330886705,5.004380725901264,4.013369157494029
2021,19021,11,11,180208,1,1,2,69,5,1,1,1,1,35,7,3,15.62739372253418,18,42,126,5032,96.50403027066005,6,8,3,6,Rural,7235.69921875,5130.1044921875,138.76672027735322,98.38548473881391,4.569584771935628,4.932794251869665,4.588893280360191
2021,19021,17,11,180208,2,1,1,65,2,2,1,2,NA,56,28,6,21.37860679626465,18,84,84,15950.37890625,305.8974262315675,6,8,3,6,Rural,12500.96875,5091.82177734375,239.7444091141843,97.65129629045853,5.723249837363919,5.479573393842774,4.581402932098464
2021,19022,10,11,180204,1,1,1,58,5,1,1,2,NA,48,10,6,41.36408233642578,18,58,110,23747.734375,455.43562738167617,6,6,3,6,Urbana,23962.345703125,10692.107421875,459.5514576888704,205.0539464025783,6.121254383730929,6.130250921790972,5.323273097702991
2021,19022,19,11,180204,1,1,2,30,5,1,1,1,2,84,1,5,120.12261962890625,18,85,83,12925.8671875,247.89313957413188,6,6,3,6,Urbana,5011.605794270833,2689.6318359375,96.11290883841967,51.58193801912629,5.512997764491737,4.565523634097929,3.943171572820755
2021,19022,71,11,180204,1,1,1,44,2,1,1,1,2,36,3,5,161.9775848388672,18,39,129,27039.935546875,518.5736801534821,6,6,1,6,Urbana,5945.73828125,991.5530598958334,114.0277637271805,19.01607045054712,6.251082120087924,4.736441960209582,2.945284434854728
2021,19023,201,11,180204,1,1,1,62,2,1,1,1,1,53,7,4,23.278762817382813,18,60,108,8138,156.0711045990921,6,7,3,6,Rural,4724.7001953125,2595.93896484375,90.61061420274861,49.785089913367884,5.0503117021169865,4.506571360742599,3.9077155398717176
2021,19023,213,11,180204,2,1,2,47,2,3,1,1,1,58,10,6,71.36427307128906,18,68,100,13168.4931640625,252.5462366700452,6,7,1,6,Rural,6494.561848958333,548.9193929036459,124.55313856648428,10.52721258126506,5.531594347476744,4.824732440639865,2.3539635789728703
2021,19023,218,11,180204,1,1,1,72,1,1,1,1,1,42,20,3,24.060134887695313,18,62,106,8159.718994140625,156.4876329114918,6,7,2,6,Rural,5304.31494140625,1459.5501708984375,101.72650430655469,27.99135013392883,5.052976983927967,4.622287881751425,3.3318955386601647
2021,19023,223,11,180204,1,1,1,57,2,1,1,1,1,56,10,6,38.344120025634766,18,66,102,19314.134765625,370.40775955355383,6,7,3,6,Rural,6952.006510416667,2042.6966145833333,133.32604267151746,39.17497136874499,5.91460445167126,4.892797576981249,3.6680380573865525
2021,19027,37,11,180201,1,1,1,38,1,1,1,1,1,28,48,7,116.66703033447266,18,76,92,23564.25390625,451.9168267635671,6,8,3,6,Rural,6757.39501953125,4768.57861328125,129.59377057147282,91.45211741735213,6.113498151314993,4.864404716184797,4.51581552839444
2021,19027,39,11,180201,1,1,1,55,2,1,1,1,1,34,2,4,38.45847702026367,18,36,132,4864,93.28211511059033,6,8,3,6,Rural,13671.94375,3562.198046875,262.2014454508668,68.3160707761747,4.5356283972013545,5.569113084094217,4.2241450357681
2021,19027,39,11,180201,3,1,1,27,6,3,1,1,1,48,14,6,295.93804931640625,18,62,106,12199.90625,233.97061248990755,6,8,3,6,Rural,13671.94375,3562.198046875,262.2014454508668,68.3160707761747,5.455195519820944,5.569113084094217,4.2241450357681
2021,19027,40,11,180201,3,1,1,35,6,3,1,1,1,24,12,6,116.66703033447266,18,36,132,8803.9619140625,168.84296642615774,6,8,3,6,Rural,8973.986979166666,3403.6744791666665,172.1037184193182,65.27589526410435,5.128969090211259,5.148097309139332,4.178622829758919
2021,19032,65,11,180106,2,1,2,27,5,3,1,2,NA,48,5,6,87.89842224121094,18,53,115,14939.1494140625,286.50399985544533,6,7,3,6,Rural,9415.192708333334,4946.767903645833,180.565191202126,94.86944346489807,5.65775249715837,5.196091882661597,4.5525016670957905
2021,19032,205,11,180106,1,1,1,61,2,1,1,1,1,38,8,6,25.112184524536133,18,46,122,5219.925537109375,100.10807870504662,6,7,3,6,Rural,5489.16650390625,3645.4345703125,105.27159985168163,69.91238635197698,4.606250389408715,4.656543675750882,4.24724283457123
2021,19032,205,11,180106,2,1,2,57,2,2,1,1,1,8,36,6,19.143396377563477,18,44,124,2771.932373046875,53.16030318695115,6,7,3,6,Rural,5489.16650390625,3645.4345703125,105.27159985168163,69.91238635197698,3.973311937119811,4.656543675750882,4.24724283457123
2021,19032,206,11,180106,1,1,1,71,5,1,1,1,1,23,16,5,25.955097198486328,18,39,129,7918.010498046875,151.85213131695542,6,7,2,6,Rural,8035.31396484375,2909.98046875,154.10178499553632,55.807798736740764,5.022907227066327,5.0376133256174285,4.021913621928606
2021,19032,207,11,180106,1,1,2,36,2,1,1,1,1,43,15,9,62.06993103027344,18,58,110,10244.365234375,196.46711698764358,6,7,3,6,Rural,11781.80234375,4276.005859375,225.9521880016263,82.00552442182925,5.280495073731485,5.420323419375911,4.406786615992847
2021,19036,3,11,180202,1,1,1,60,2,1,1,2,NA,32,10,3,23.278762817382813,18,42,126,27226.71240234375,522.1556990950589,6,6,2,6,Urbana,10059.570963541666,2497.1593424479165,192.9231201859058,47.89068775323039,6.25796581753622,5.262291768540362,3.8689210753545593
2021,19037,343,11,180204,1,1,1,30,1,1,1,1,1,24,24,6,105.07679748535156,18,48,120,18160.8681640625,348.29033605845666,6,7,3,6,Rural,6720.6875,6863.037760416667,128.8897913234592,131.61979407391357,5.853036430959054,4.858957708387208,4.879917418476632
2021,19037,344,11,180204,3,1,1,15,6,3,1,1,1,40,21,5,70.52544403076172,18,61,107,4408.556640625,84.5475921098558,6,7,3,6,Rural,4029.5856119791665,2875.7330729166665,77.27966054782466,55.150999904429305,4.437314596049121,4.347430797397522,4.010074876168504
2021,19037,346,11,180204,1,1,1,61,2,1,1,1,1,49,5,3,22.919389724731445,18,54,114,13223.4931640625,253.60103032363946,6,7,3,6,Rural,7411.6494140625,2279.08935546875,142.14110481124948,43.70852705677571,5.535762285345194,4.95682026006623,3.7775432102240556
2021,19037,350,11,180204,1,1,2,28,1,1,1,1,1,49,1,6,80.22313690185547,18,50,118,9860.7880859375,189.110848954268,6,7,3,6,Rural,9369.088541666666,3797.0569661458335,179.68100243113955,72.82021073139073,5.242333345537862,5.1911830699546435,4.287993536610043
2021,19038,33,11,180211,1,1,1,57,5,1,1,1,1,36,8,4,38.45847702026367,18,44,124,15675.07861328125,300.61769892509335,6,8,3,6,Rural,29676.2109375,6418.7626953125,569.1323447199907,123.09945736260354,5.705839354245253,6.344112998856085,4.8129926250783654
2021,19038,73,11,180211,1,1,1,62,5,1,1,1,1,35,48,4,23.348188400268555,18,83,85,5554.15966796875,106.51804306950228,6,8,3,6,Rural,4091.439453125,3756.644287109375,78.46589762220744,72.04517368825621,4.6683143892927665,4.36266410520359,4.277293334612114
2021,19039,26,11,180204,1,1,2,36,5,1,1,1,1,12,20,6,57.70985412597656,18,32,136,9446.21240234375,181.16008895446456,6,6,3,6,Urbana,8364.742838541666,4133.517578125,160.41959381894114,79.27287469866464,5.199381109714966,5.077792843950416,4.3728960108397414
2021,19039,68,11,180204,1,1,2,46,3,1,1,2,NA,60,20,10,71.57711029052734,18,80,88,42536.583984375,815.769433314507,6,6,3,6,Urbana,17977.6171875,9600.6328125,344.77593665676443,184.12157383843248,6.704131757824682,5.842894747075627,5.215596266807535
2021,19039,68,11,180204,3,1,2,20,6,3,1,1,1,14,40,9,130.60556030273438,18,54,114,17115.046875,328.23350590396774,6,6,3,6,Urbana,17977.6171875,9600.6328125,344.77593665676443,184.12157383843248,5.793725263341478,5.842894747075627,5.215596266807535
2021,19039,82,11,180204,1,1,2,41,6,1,1,2,NA,40,6,8,57.603416442871094,18,46,122,24037.148468017578,460.9860300830521,6,6,3,6,Urbana,14127.7939453125,6419.2216796875,270.94377077823634,123.10825979543716,6.1333677390300085,5.601911311447921,4.813064129196424
2021,19041,11,11,180207,1,1,1,71,2,1,1,1,1,24,27,6,23.68869972229004,18,51,117,1838,35.249286096477185,6,6,3,6,Urbana,14785.1181640625,6417.9541015625,283.5499783108055,123.08395009795198,3.5624452764709837,5.647388397968429,4.812866643682364
2021,19041,11,11,180207,2,1,2,68,2,2,1,2,NA,60,20,8,15.62739372253418,18,80,88,7338,140.72865145590293,6,6,3,6,Urbana,14785.1181640625,6417.9541015625,283.5499783108055,123.08395009795198,4.946833578470579,5.647388397968429,4.812866643682364
2021,19041,45,11,180207,1,1,1,66,2,1,1,1,1,14,14,8,21.37860679626465,18,28,140,3487.263671875,66.87897435461012,6,6,3,6,Urbana,16027.255859375,5387.01611328125,307.37177754545684,103.31255287452846,4.202884633051949,5.728058016692729,4.637758887373281
2021,19041,80,11,180207,1,1,2,40,5,1,1,1,1,12,29,6,56.545509338378906,18,41,127,13892.62744140625,266.4337319444498,6,6,3,6,Urbana,9312.171223958334,3421.9889322916665,178.58943833116942,65.62713106274616,5.585125552063519,5.185089530810093,4.183989193721625
2021,19041,102,11,180207,1,1,2,69,5,1,1,1,1,19,40,4,15.62739372253418,18,59,109,5180,99.34238410215006,6,6,3,6,Urbana,11490.390625,6783.25,220.3634747012537,130.08961910442267,4.598572308808881,5.3952783407741425,4.868223590670237
2021,19041,125,11,180207,2,1,1,39,6,3,1,1,2,46,12,6,114.5243911743164,18,58,110,32984.251953125,632.5741750674589,6,6,3,6,Urbana,24465.01171875,4956.94775390625,469.19161992812064,95.06467330942948,6.449797486559681,6.151011256279074,4.5545574316588215
2021,19042,7,11,180203,1,1,1,53,2,1,1,1,1,44,8,6,126.90473937988281,18,52,116,17149.041015625,328.8854477910703,6,7,3,6,Rural,8314.8984375,6026.783203125,159.46367458465105,115.58204862263128,5.79570950712973,5.071816150736166,4.74998065544817
2021,19042,127,11,180203,1,1,1,41,2,1,1,1,1,48,8,4,161.9775848388672,18,56,112,10581.654052734375,202.93566435189405,6,7,3,6,Rural,3652.8017578125,3702.497802734375,70.05367476324678,71.00674881401639,5.312889004435738,4.249261730554075,4.262774926242538
2021,19043,9,11,180210,1,1,2,28,1,1,1,1,2,30,7,6,87.89842224121094,18,37,131,8217.2333984375,157.59064797772083,6,8,3,6,Rural,8925.3779296875,4990.69677734375,171.17149083935686,95.71191432282727,5.060000835420189,5.142665924369689,4.561342787291119
2021,19043,9,11,180210,2,1,1,31,1,2,1,1,1,29,24,7,115.12993621826172,18,53,115,25069.077392578125,480.7764315482669,6,8,3,6,Rural,8925.3779296875,4990.69677734375,171.17149083935686,95.71191432282727,6.175402362777142,5.142665924369689,4.561342787291119
2021,19043,10,11,180210,1,1,1,61,2,1,1,1,1,40,24,5,25.112184524536133,18,64,104,27964.306640625,536.3013303944545,6,8,3,6,Rural,15457.6044921875,4330.9248046875,296.446965784172,83.05876360324226,6.2846961866765625,5.691868334932072,4.419548352506002
2021,19043,10,11,180210,2,1,2,61,2,2,1,1,1,6,32,4,26.378034591674805,18,38,130,986,18.909573498980688,6,8,3,6,Rural,15457.6044921875,4330.9248046875,296.446965784172,83.05876360324226,2.9396683281579867,5.691868334932072,4.419548352506002
2021,19043,11,11,180210,1,1,1,24,6,1,1,1,1,30,37,7,310.1216735839844,18,67,101,18266.24658203125,350.3112903584429,6,8,3,6,Rural,19867.369140625,4101.0556640625,381.0177251481026,78.65031795436195,5.85882216022485,5.942845896742986,4.365011672145346
2021,19043,38,11,180210,1,1,1,34,6,1,1,1,2,48,12,4,115.12993621826172,18,60,108,27077.837890625,519.3005738197339,6,8,3,6,Rural,28207.35546875,12935.6474609375,540.9625369657231,248.0807063078099,6.252482855836633,6.293350028695923,5.513754121885085
2021,19043,39,11,180210,1,1,1,44,2,1,1,1,2,48,7,3,161.9775848388672,18,55,113,23279.923828125,446.46392563752687,6,8,3,6,Rural,6391.23828125,3894.3828125,122.57159232129399,74.68673227802827,6.101358603407615,4.80869528638637,4.313302462950365
2021,19043,42,11,180210,2,1,1,60,2,2,1,1,1,42,10,4,25.112184524536133,18,52,116,20353,390.3311860291622,6,8,3,6,Rural,8727.5888671875,2534.860595703125,167.3782790598049,48.61372489261482,5.966995573708231,5.120256394916102,3.883905896235442
2021,19044,13,11,180103,1,1,2,65,3,1,1,1,1,7,48,1,15.919763565063477,18,55,113,14630.045288085938,280.575980393993,6,6,3,6,Urbana,18118.783203125,2984.244384765625,347.483227881936,57.2320370513651,5.636844563127679,5.850716398752096,4.047113829905415
2021,19044,51,11,180103,1,1,1,23,1,1,1,1,1,27,21,6,288.3372497558594,18,48,120,339,6.5013645194264225,6,6,2,6,Urbana,2020.77587890625,1476.123046875,38.754574043757636,28.3091858503267,1.8720120809358016,3.657248788672109,3.3431863403325566
2021,19044,88,11,180103,1,1,1,47,1,1,1,1,1,36,28,6,115.1999740600586,18,64,104,12327.933349609375,236.4259247109266,6,6,3,6,Urbana,7890.376953125,3970.272216796875,151.32217335677532,76.14214431488995,5.465634944117049,5.019411162315502,4.332601913348567
2021,19045,35,11,180106,1,1,1,16,6,1,1,1,1,18,14,6,71.84490203857422,18,32,136,10434.86474609375,200.12052927807525,6,7,3,6,Rural,13213.607421875,5080.689453125,253.41144090326776,97.43779983708234,5.298919831420001,5.535014416446627,4.579214224037967
2021,19046,118,11,180211,1,1,1,36,2,1,1,1,1,19,40,3,125.4814224243164,18,59,109,11599.9716796875,222.46502744740897,6,6,2,6,Urbana,4665.825,987.13544921875,89.48150179602592,18.931349219524613,5.404769909240577,4.494031920075475,2.940819236824225
2021,19046,118,11,180211,4,1,1,15,6,3,1,1,1,3,15,5,77.27290344238281,18,18,150,1613,30.93422114995522,6,6,2,6,Urbana,4665.825,987.13544921875,89.48150179602592,18.931349219524613,3.43186305168056,4.494031920075475,2.940819236824225
2021,19047,213,11,180204,1,1,1,60,2,1,1,1,1,0,48,6,28.183666229248047,18,48,120,8762.779296875,168.05316345801634,6,7,3,6,Rural,5801.00830078125,4349.4921875,111.2521225474849,83.4148501042328,5.124280378498645,4.711798999942863,4.423826352317865
2021,19047,216,11,180204,1,1,1,38,6,1,1,1,2,10,54,10,140.82911682128906,18,64,104,45386.19140625,870.4193937477586,6,7,3,6,Rural,46157.14453125,6528.966796875,885.2047839926433,125.21295894311595,6.768975157273211,6.785819012582357,4.83001595924506
2021,19047,482,11,180204,1,1,1,35,1,1,1,1,1,63,20,5,140.82911682128906,18,83,85,5483,105.15333823013297,6,7,3,6,Rural,5535.02392578125,1936.0784912109375,106.15105653466244,37.13024191617531,4.6554196489594,4.664863141323118,3.6144317835508852
2021,19048,63,11,180204,1,1,1,63,2,1,1,1,1,70,8,3,23.348188400268555,18,78,90,2249,43.13147139879063,6,8,2,6,Rural,2095.718017578125,1144.63671875,40.19181935753718,21.951919029244635,3.764252925514667,3.6936634763476053,3.0888545630000754
